{"cameraMode":{"drawMode":0,"name":"Shaded","section":"Shading Mode"},"sceneLighting":true,"audioPlay":false,"sceneViewState":{"m_AlwaysRefresh":false,"showFog":true,"showSkybox":true,"showFlares":true,"showImageEffects":true,"showParticleSystems":true,"showVisualEffectGraphs":true,"m_FxEnabled":true},"in2DMode":false,"pivot":{"x":-0.06659460067749024,"y":-0.4064664840698242,"z":0.39433813095092776},"rotation":{"x":-0.5034549832344055,"y":-0.04221737012267113,"z":0.024643123149871827,"w":-0.8626003861427307},"size":6.586392879486084,"orthographic":false}