{"cameraMode":{"drawMode":0,"name":"Shaded","section":"Shading Mode"},"sceneLighting":true,"audioPlay":false,"sceneViewState":{"m_AlwaysRefresh":false,"showFog":true,"showSkybox":true,"showFlares":true,"showImageEffects":true,"showParticleSystems":true,"showVisualEffectGraphs":true,"m_FxEnabled":true},"in2DMode":false,"pivot":{"x":-1.2760671377182007,"y":14.736495971679688,"z":-5.482431411743164},"rotation":{"x":-0.5206668376922607,"y":0.01973794400691986,"z":-0.011990291066467762,"w":-0.8534104228019714},"size":0.9917354583740234,"orthographic":false}